<?xml version="1.0" encoding="UTF-8" standalone="yes"?>
<addon id="plugin.video.mywizard323" name="mywizard323" version="1.0.0" provider-name="mywizard323">
  <requires>
    <import addon="xbmc.python" version="2.1.0"/>
  </requires>
  <extension point="xbmc.python.pluginsource" library="default.py">
        <provides>video executable</provides>
  </extension>
  <extension point="xbmc.addon.metadata">
    <summary lang="en">mywizard323</summary>
    <description lang="en">mywizard323</description>
	<website>http://www.youtube.com/samwich1986</website>
    <platform>all</platform>
  </extension>
</addon>
